Workbook

Sheet Executive Dashboard
A1: CLASS ASSISTANT - MASTER ENGINEERING OPERATIONS DASHBOARD
A3: System Operations Intelligence | Date: August 30, 2026 | Status: OPTIMAL
B5: TOTAL STUDENTS | D5: ACTIVE COURSES | F5: EXAMS SCHEDULED | H5: AVG ROOM OCCUPANCY | J5: ATTENDANCE RATE
B6: =COUNTA('Courses & Enrollments'!B6:B13) | D6: =COUNTA('Courses & Enrollments'!G6:G12) | F6: =COUNTA('Master Exam Routine'!A5:A11) | H6: =AVERAGE('Master Exam Routine'!L5:L11) | J6: =AVERAGE('Student Attendance'!I8:I55)
B9: SYSTEM COMPONENT PERFORMANCE MATRIX
B10: Module Name | C10: Domain Scope | D10: Algorithm Model | E10: Metric Target | F10: Status | G10: Efficiency Index
B11: Smart Exam Scheduler | C11: Exam Timetable Management | D11: Backtracking Graph Coloring DFS | E11: Zero Conflict Edge | F11: OPTIMAL | G11: =IF(F6=D6, 1.0, F6/D6)
B12: Course Conflict Graph | C12: Enrollment Overlap | D12: Adjacency Matrix Degree Centrality | E12: Shared Student Pairs | F12: ACTIVE | G12: =SUM('Course Conflict Matrix'!J5:J11)/20
B13: Room Allocation Engine | C13: Facility Utilization | D13: Seat Capacity Cushion Optimization | E13: Avg Seat Buffer | F13: OPTIMAL | G13: =AVERAGE('Master Exam Routine'!M5:M11)/30
B14: Face-ID Attendance AI | C14: Classroom Monitoring | D14: dlib Deep Encoding Classifier | E14: Presence Ratio | F14: OPERATIONAL | G14: =COUNTIF('Student Attendance'!J8:J55, "PRESENT")/COUNTA('Student Attendance'!J8:J55)
B15: Student Roster Index | C15: Academic Administration | D15: SQLAlchemy Relational Schema | E15: Enrolled Ratio | F15: HEALTHY | G15: =AVERAGE('Courses & Enrollments'!E6:E13)/5
B18: WORKBOOK SHEET ARCHITECTURE & INDEX
B19: Sheet Title | C19: Functional Domain | D19: Key Analytical Outputs
B20: Master Exam Routine | C20: Automated timetable & room allocations | D20: Exam Slots, Room Capacity, Buffer Seats, Occupancy %
B21: Course Conflict Matrix | C21: Pairwise student course overlap graph | D21: Adjacency Matrix, Conflict Degree, Risk Index
B22: Room Facility Load | C22: Classroom and hall utilization report | D22: Exams Scheduled, Seat Hours, Utilization Status
B23: Student Attendance | C23: Face-recognition AI attendance logs | D23: Entry Time, Exit Time, Total Duration, Late Status
B24: Courses & Enrollments | C24: Course catalog & student roster | D24: Course Codes, Credits, Department, Student Enrolment Map
B25: System Config | C25: Engineering settings & thresholds | D25: Start/End Times, Late Grace Period, Minimum Buffer %

Sheet Master Exam Routine
A1: MASTER ENGINEERING EXAM ROUTINE & ROOM ALLOCATION SCHEDULE
A4: Course Code | B4: Course Title | C4: Department | D4: Section | E4: Open Credit | F4: Exam Date | G4: Start Time | H4: End Time | I4: Assigned Room | J4: Nominal Capacity | K4: Enrolled Students | L4: Occupancy Rate | M4: Buffer Seats | N4: Schedule Status
A5: CSE101 | B5: Structured Programming | C5: CSE | D5: Section A | E5: NO | F5: 2026-09-10 | G5: 01:30 PM | H5: 04:00 PM | I5: Seminar Hall B | J5: 25 | K5: 3 | L5: =K5/J5 | M5: =J5-K5 | N5: =IF(L5>1.0, "OVER CAPACITY", IF(L5>=0.75, "HIGH UTILIZATION", "OPTIMAL"))
A6: CSE104 | B6: Object Oriented Programming | C6: CSE | D6: Section B | E6: NO | F6: 2026-09-10 | G6: 09:00 AM | H6: 11:30 AM | I6: Seminar Hall B | J6: 25 | K6: 4 | L6: =K6/J6 | M6: =J6-K6 | N6: =IF(L6>1.0, "OVER CAPACITY", IF(L6>=0.75, "HIGH UTILIZATION", "OPTIMAL"))
A7: CSE103 | B7: Discrete Mathematics | C7: CSE | D7: Section B | E7: NO | F7: 2026-09-11 | G7: 01:30 PM | H7: 04:00 PM | I7: Lab 301 (AI Lab) | J7: 30 | K7: 3 | L7: =K7/J7 | M7: =J7-K7 | N7: =IF(L7>1.0, "OVER CAPACITY", IF(L7>=0.75, "HIGH UTILIZATION", "OPTIMAL"))
A8: EEE201 | B8: Electrical Circuits & Electronics | C8: EEE | D8: Section A | E8: NO | F8: 2026-09-11 | G8: 01:30 PM | H8: 04:00 PM | I8: Seminar Hall B | J8: 25 | K8: 3 | L8: =K8/J8 | M8: =J8-K8 | N8: =IF(L8>1.0, "OVER CAPACITY", IF(L8>=0.75, "HIGH UTILIZATION", "OPTIMAL"))
A9: MATH201 | B9: Linear Algebra & Differential Equations | C9: MATH | D9: Open Credit | E9: YES | F9: 2026-09-11 | G9: 09:00 AM | H9: 11:30 AM | I9: Lab 301 (AI Lab) | J9: 30 | K9: 3 | L9: =K9/J9 | M9: =J9-K9 | N9: =IF(L9>1.0, "OVER CAPACITY", IF(L9>=0.75, "HIGH UTILIZATION", "OPTIMAL"))
A10: CSE201 | B10: Database Management Systems | C10: CSE | D10: Open Credit | E10: YES | F10: 2026-09-11 | G10: 09:00 AM | H10: 11:30 AM | I10: Seminar Hall B | J10: 25 | K10: 3 | L10: =K10/J10 | M10: =J10-K10 | N10: =IF(L10>1.0, "OVER CAPACITY", IF(L10>=0.75, "HIGH UTILIZATION", "OPTIMAL"))
A11: CSE102 | B11: Data Structures & Algorithms | C11: CSE | D11: Section A | E11: NO | F11: 2026-09-12 | G11: 09:00 AM | H11: 11:30 AM | I11: Seminar Hall B | J11: 25 | K11: 3 | L11: =K11/J11 | M11: =J11-K11 | N11: =IF(L11>1.0, "OVER CAPACITY", IF(L11>=0.75, "HIGH UTILIZATION", "OPTIMAL"))
A12: TOTAL / AVERAGE | J12: =SUM(J5:J11) | K12: =SUM(K5:K11) | L12: =AVERAGE(L5:L11) | M12: =SUM(M5:M11)

Sheet Course Conflict Matrix
A1: GRAPH THEORY ENROLLMENT CONFLICT MATRIX (ADJACENCY MATRIX)
A4: Course Code | B4: Course Title | C4: CSE101 | D4: CSE102 | E4: CSE103 | F4: CSE104 | G4: CSE201 | H4: EEE201 | I4: MATH201 | J4: Degree of Conflict | K4: Conflict Risk Index
A5: CSE101 | B5: Structured Programming | C5: 0 | D5: 1 | E5: 1 | F5: 1 | G5: 1 | H5: 1 | I5: 2 | J5: =SUM(C5:I5) | K5: =IF(J5>=5, "HIGH RISK", IF(J5>=3, "MEDIUM RISK", "LOW RISK"))
A6: CSE102 | B6: Data Structures & Algorithms | C6: 1 | D6: 0 | E6: 0 | F6: 1 | G6: 2 | H6: 2 | I6: 0 | J6: =SUM(C6:I6) | K6: =IF(J6>=5, "HIGH RISK", IF(J6>=3, "MEDIUM RISK", "LOW RISK"))
A7: CSE103 | B7: Discrete Mathematics | C7: 1 | D7: 0 | E7: 0 | F7: 2 | G7: 1 | H7: 0 | I7: 1 | J7: =SUM(C7:I7) | K7: =IF(J7>=5, "HIGH RISK", IF(J7>=3, "MEDIUM RISK", "LOW RISK"))
A8: CSE104 | B8: Object Oriented Programming | C8: 1 | D8: 1 | E8: 2 | F8: 0 | G8: 1 | H8: 1 | I8: 1 | J8: =SUM(C8:I8) | K8: =IF(J8>=5, "HIGH RISK", IF(J8>=3, "MEDIUM RISK", "LOW RISK"))
A9: CSE201 | B9: Database Management Systems | C9: 1 | D9: 2 | E9: 1 | F9: 1 | G9: 0 | H9: 1 | I9: 0 | J9: =SUM(C9:I9) | K9: =IF(J9>=5, "HIGH RISK", IF(J9>=3, "MEDIUM RISK", "LOW RISK"))
A10: EEE201 | B10: Electrical Circuits & Electronics | C10: 1 | D10: 2 | E10: 0 | F10: 1 | G10: 1 | H10: 0 | I10: 1 | J10: =SUM(C10:I10) | K10: =IF(J10>=5, "HIGH RISK", IF(J10>=3, "MEDIUM RISK", "LOW RISK"))
A11: MATH201 | B11: Linear Algebra & Differential Equations | C11: 2 | D11: 0 | E11: 1 | F11: 1 | G11: 0 | H11: 1 | I11: 0 | J11: =SUM(C11:I11) | K11: =IF(J11>=5, "HIGH RISK", IF(J11>=3, "MEDIUM RISK", "LOW RISK"))

Sheet Room Facility Load
A1: CAMPUS ROOM & FACILITY CAPACITY UTILIZATION ANALYSIS
A4: Room ID | B4: Room Number / Name | C4: Building Complex | D4: Nominal Seat Capacity | E4: Exams Scheduled | F4: Total Students Seated | G4: Utilization Ratio | H4: Available Seat Cushion | I4: Facility Status
A5: 1 | B5: Lab 301 (AI Lab) | C5: Engineering Annex | D5: 30 | E5: =COUNTIF('Master Exam Routine'!$I$5:$I$11, B5) | F5: =SUMIF('Master Exam Routine'!$I$5:$I$11, B5, 'Master Exam Routine'!$K$5:$K$11) | G5: =IF(E5>0, F5/(D5*E5), 0) | H5: =(D5*E5)-F5 | I5: =IF(E5>0, "ACTIVE - IN USE", "AVAILABLE - IDLE")
A6: 2 | B6: Auditorium 101 | C6: Main Academic Complex | D6: 60 | E6: =COUNTIF('Master Exam Routine'!$I$5:$I$11, B6) | F6: =SUMIF('Master Exam Routine'!$I$5:$I$11, B6, 'Master Exam Routine'!$K$5:$K$11) | G6: =IF(E6>0, F6/(D6*E6), 0) | H6: =(D6*E6)-F6 | I6: =IF(E6>0, "ACTIVE - IN USE", "AVAILABLE - IDLE")
A7: 3 | B7: Seminar Hall B | C7: Science Tower | D7: 25 | E7: =COUNTIF('Master Exam Routine'!$I$5:$I$11, B7) | F7: =SUMIF('Master Exam Routine'!$I$5:$I$11, B7, 'Master Exam Routine'!$K$5:$K$11) | G7: =IF(E7>0, F7/(D7*E7), 0) | H7: =(D7*E7)-F7 | I7: =IF(E7>0, "ACTIVE - IN USE", "AVAILABLE - IDLE")

Sheet Student Attendance
A1: STUDENT ATTENDANCE & FACE-RECOGNITION LOGS
B4: TOTAL LOGS | D4: PRESENT COUNT | F4: PARTIAL COUNT | H4: LATE ARRIVALS
B5: =COUNTA(A8:A60) | D5: =COUNTIF(J8:J60, "PRESENT") | F5: =COUNTIF(J8:J60, "PARTIAL") | H5: =COUNTIF(K8:K60, "LATE")
A7: Log ID | B7: Student ID | C7: Student Name | D7: Date | E7: Entry Time | F7: Exit / Last Seen | G7: Total Mins Stayed | H7: Required Mins | I7: Presence % | J7: Attendance Status | K7: Punctuality Status
A8: 4 | B8: 1 | C8: Md. Asif Samrat | D8: 2026-08-30 | E8: 00:53:00 | F8: 00:56:15 | G8: 3 | H8: 60 | I8: =G8/H8 | J8: =IF(I8>=0.75, "PRESENT", IF(I8>=0.25, "PARTIAL", "ABSENT")) | K8: =IF(E8>"09:15:00", "LATE", "ON TIME")
A9: 3 | B9: 1 | C9: Md. Asif Samrat | D9: 2026-08-29 | E9: 19:42:19 | F9: 20:43:07 | G9: 60 | H9: 60 | I9: =G9/H9 | J9: =IF(I9>=0.75, "PRESENT", IF(I9>=0.25, "PARTIAL", "ABSENT")) | K9: =IF(E9>"09:15:00", "LATE", "ON TIME")
A10: 2 | B10: 2 | C10: Atikur Rahman Tamim | D10: 2026-08-28 | E10: 20:36:22 | F10: 20:37:23 | G10: 1 | H10: 60 | I10: =G10/H10 | J10: =IF(I10>=0.75, "PRESENT", IF(I10>=0.25, "PARTIAL", "ABSENT")) | K10: =IF(E10>"09:15:00", "LATE", "ON TIME")
A11: 1 | B11: 1 | C11: Md. Asif Samrat | D11: 2026-08-28 | E11: 20:20:01 | F11: 21:14:52 | G11: 54 | H11: 60 | I11: =G11/H11 | J11: =IF(I11>=0.75, "PRESENT", IF(I11>=0.25, "PARTIAL", "ABSENT")) | K11: =IF(E11>"09:15:00", "LATE", "ON TIME")
A12: 5 | B12: 1 | C12: Md. Asif Samrat | D12: 2026-08-25 | E12: 08:07:00 | F12: 09:07:00 | G12: 15 | H12: 60 | I12: =G12/H12 | J12: =IF(I12>=0.75, "PRESENT", IF(I12>=0.25, "PARTIAL", "ABSENT")) | K12: =IF(E12>"09:15:00", "LATE", "ON TIME")
A13: 6 | B13: 2 | C13: Atikur Rahman Tamim | D13: 2026-08-25 | E13: 09:14:00 | F13: 10:14:00 | G13: 60 | H13: 60 | I13: =G13/H13 | J13: =IF(I13>=0.75, "PRESENT", IF(I13>=0.25, "PARTIAL", "ABSENT")) | K13: =IF(E13>"09:15:00", "LATE", "ON TIME")
A14: 7 | B14: 3 | C14: Shahriar Ahmed | D14: 2026-08-25 | E14: 08:21:00 | F14: 09:21:00 | G14: 45 | H14: 60 | I14: =G14/H14 | J14: =IF(I14>=0.75, "PRESENT", IF(I14>=0.25, "PARTIAL", "ABSENT")) | K14: =IF(E14>"09:15:00", "LATE", "ON TIME")
A15: 8 | B15: 4 | C15: Nusrat Jahan | D15: 2026-08-25 | E15: 09:28:00 | F15: 10:28:00 | G15: 60 | H15: 60 | I15: =G15/H15 | J15: =IF(I15>=0.75, "PRESENT", IF(I15>=0.25, "PARTIAL", "ABSENT")) | K15: =IF(E15>"09:15:00", "LATE", "ON TIME")
A16: 9 | B16: 5 | C16: Tanvir Hasan | D16: 2026-08-25 | E16: 08:05:00 | F16: 09:05:00 | G16: 15 | H16: 60 | I16: =G16/H16 | J16: =IF(I16>=0.75, "PRESENT", IF(I16>=0.25, "PARTIAL", "ABSENT")) | K16: =IF(E16>"09:15:00", "LATE", "ON TIME")
A17: 10 | B17: 6 | C17: Faria Chowdhury | D17: 2026-08-25 | E17: 09:12:00 | F17: 10:12:00 | G17: 60 | H17: 60 | I17: =G17/H17 | J17: =IF(I17>=0.75, "PRESENT", IF(I17>=0.25, "PARTIAL", "ABSENT")) | K17: =IF(E17>"09:15:00", "LATE", "ON TIME")
A18: 11 | B18: 7 | C18: Mahmudul Haq | D18: 2026-08-25 | E18: 08:19:00 | F18: 09:19:00 | G18: 15 | H18: 60 | I18: =G18/H18 | J18: =IF(I18>=0.75, "PRESENT", IF(I18>=0.25, "PARTIAL", "ABSENT")) | K18: =IF(E18>"09:15:00", "LATE", "ON TIME")
A19: 12 | B19: 8 | C19: Sultana Razia | D19: 2026-08-25 | E19: 09:26:00 | F19: 10:26:00 | G19: 60 | H19: 60 | I19: =G19/H19 | J19: =IF(I19>=0.75, "PRESENT", IF(I19>=0.25, "PARTIAL", "ABSENT")) | K19: =IF(E19>"09:15:00", "LATE", "ON TIME")
... A55: 48 | B55: 8 | C55: Sultana Razia | D55: 2026-08-30 | E55: 09:26:00 | F55: 10:26:00 | G55: 60 | H55: 60 | I55: =G55/H55 | J55: =IF(I55>=0.75, "PRESENT", IF(I55>=0.25, "PARTIAL", "ABSENT")) | K55: =IF(E55>"09:15:00", "LATE", "ON TIME")

Sheet Courses & Enrollments
A1: ACADEMIC COURSE CATALOG & STUDENT ENROLLMENT ROSTER
A4: STUDENT ACADEMIC ROSTER | G4: ENGINEERING COURSE CATALOG
A5: Student ID | B5: Student Name | C5: Department | D5: Section | E5: Total Courses Enrolled | G5: Course Code | H5: Course Name | I5: Dept | J5: Section | K5: Open Credit | L5: Credit Hours | M5: Student_ID_Ref
A6: 1 | B6: Md. Asif Samrat | C6: Computer Science & Eng. | D6: Section A | E6: =COUNTIF($M$6:$M$27, A6) | G6: CSE101 | H6: Structured Programming | I6: CSE | J6: Section A | K6: NO | L6: 3 | M6: 1
A7: 2 | B7: Atikur Rahman Tamim | C7: Computer Science & Eng. | D7: Section A | E7: =COUNTIF($M$6:$M$27, A7) | G7: CSE102 | H7: Data Structures & Algorithms | I7: CSE | J7: Section A | K7: NO | L7: 3 | M7: 1
A8: 3 | B8: Shahriar Ahmed | C8: Electrical & Electronic Eng. | D8: Section A | E8: =COUNTIF($M$6:$M$27, A8) | G8: CSE103 | H8: Discrete Mathematics | I8: CSE | J8: Section B | K8: NO | L8: 3 | M8: 1
A9: 4 | B9: Nusrat Jahan | C9: Computer Science & Eng. | D9: Section B | E9: =COUNTIF($M$6:$M$27, A9) | G9: CSE104 | H9: Object Oriented Programming | I9: CSE | J9: Section B | K9: NO | L9: 3 | M9: 1
A10: 5 | B10: Tanvir Hasan | C10: Mechanical Engineering | D10: Section B | E10: =COUNTIF($M$6:$M$27, A10) | G10: CSE201 | H10: Database Management Systems | I10: CSE | J10: Open Credit | K10: YES | L10: 4 | M10: 2
A11: 6 | B11: Faria Chowdhury | C11: Computer Science & Eng. | D11: Section B | E11: =COUNTIF($M$6:$M$27, A11) | G11: EEE201 | H11: Electrical Circuits & Electronics | I11: EEE | J11: Section A | K11: NO | L11: 3 | M11: 2
A12: 7 | B12: Mahmudul Haq | C12: Electrical & Electronic Eng. | D12: Section C | E12: =COUNTIF($M$6:$M$27, A12) | G12: MATH201 | H12: Linear Algebra & Differential Equations | I12: MATH | J12: Open Credit | K12: YES | L12: 3 | M12: 2
A13: 8 | B13: Sultana Razia | C13: Civil Engineering | D13: Section C | E13: =COUNTIF($M$6:$M$27, A13) | M13: 3
M14: 3
M15: 3
A16: STUDENT-COURSE ENROLLMENT MAPPING MATRIX | M16: 4
A17: Enrollment ID | B17: Student ID | C17: Student Name | D17: Course Code | E17: Course Title | M17: 4
A18: 1 | B18: 1 | C18: Md. Asif Samrat | D18: CSE101 | E18: Structured Programming | M18: 4
A19: 2 | B19: 1 | C19: Md. Asif Samrat | D19: CSE102 | E19: Data Structures & Algorithms | M19: 5
A20: 3 | B20: 1 | C20: Md. Asif Samrat | D20: CSE201 | E20: Database Management Systems | M20: 5
A21: 4 | B21: 1 | C21: Md. Asif Samrat | D21: EEE201 | E21: Electrical Circuits & Electronics | M21: 5
A22: 5 | B22: 2 | C22: Atikur Rahman Tamim | D22: CSE101 | E22: Structured Programming | M22: 6
A23: 6 | B23: 2 | C23: Atikur Rahman Tamim | D23: CSE103 | E23: Discrete Mathematics | M23: 6
A24: 7 | B24: 2 | C24: Atikur Rahman Tamim | D24: MATH201 | E24: Linear Algebra & Differential Equations | M24: 7
A25: 8 | B25: 3 | C25: Shahriar Ahmed | D25: CSE102 | E25: Data Structures & Algorithms | M25: 7
A26: 9 | B26: 3 | C26: Shahriar Ahmed | D26: CSE104 | E26: Object Oriented Programming | M26: 8
A27: 10 | B27: 3 | C27: Shahriar Ahmed | D27: EEE201 | E27: Electrical Circuits & Electronics | M27: 8
A28: 11 | B28: 4 | C28: Nusrat Jahan | D28: CSE103 | E28: Discrete Mathematics
A29: 12 | B29: 4 | C29: Nusrat Jahan | D29: CSE104 | E29: Object Oriented Programming
A30: 13 | B30: 4 | C30: Nusrat Jahan | D30: CSE201 | E30: Database Management Systems
A31: 14 | B31: 5 | C31: Tanvir Hasan | D31: CSE101 | E31: Structured Programming
A32: 15 | B32: 5 | C32: Tanvir Hasan | D32: CSE104 | E32: Object Oriented Programming
A33: 16 | B33: 5 | C33: Tanvir Hasan | D33: MATH201 | E33: Linear Algebra & Differential Equations
A34: 17 | B34: 6 | C34: Faria Chowdhury | D34: CSE102 | E34: Data Structures & Algorithms
A35: 18 | B35: 6 | C35: Faria Chowdhury | D35: CSE201 | E35: Database Management Systems
A36: 19 | B36: 7 | C36: Mahmudul Haq | D36: EEE201 | E36: Electrical Circuits & Electronics
A37: 20 | B37: 7 | C37: Mahmudul Haq | D37: MATH201 | E37: Linear Algebra & Differential Equations
A38: 21 | B38: 8 | C38: Sultana Razia | D38: CSE103 | E38: Discrete Mathematics
A39: 22 | B39: 8 | C39: Sultana Razia | D39: CSE104 | E39: Object Oriented Programming

Sheet System Config
A1: CLASS ASSISTANT - CONFIGURATION & ALGORITHM CONSTANTS
A4: Parameter ID | B4: Parameter Name | C4: Value / Threshold | D4: Unit / Metric | E4: Engineering Description
A5: CFG-001 | B5: Standard Class Start Time | C5: 09:00:00 | D5: HH:MM:SS | E5: Official start time for morning academic sessions
A6: CFG-002 | B6: Standard Class End Time | C6: 17:00:00 | D6: HH:MM:SS | E6: Official end time for afternoon academic sessions
A7: CFG-003 | B7: Punctuality Grace Period | C7: 15 | D7: Minutes | E7: Allowed arrival threshold before marking student as LATE
A8: CFG-004 | B8: Minimum Attendance Presence | C8: 75.0% | D8: Percentage | E8: Required classroom stay percentage for full PRESENT mark
A9: CFG-005 | B9: Minimum Room Seat Cushion | C9: 20.0% | D9: Percentage | E9: Safety buffer threshold for exam room capacity planning
A10: CFG-006 | B10: Max Exams Per Student Per Day | C10: 2 | D10: Exams | E10: Hard constraint for Smart Exam Scheduler algorithm
A11: CFG-007 | B11: Backtracking Search Mode | C11: DFS + Degree Heuristic | D11: Algorithm | E11: Exam slot assignment graph coloring strategy
